abe@mcdermott.biz,testtest,testtest
abigale_lehner@west.org,testtest,testtest
aisha@mcglynn.info,testtest,testtest
antonio.lehner@schamberger.org,testtest,testtest
ashlynn@torp.org,testtest,testtest
bruh_pls41@gmail.com,testtest,testtest
caidy.schulist@moore.name,testtest,testtest
carlotta_lesch@spinka.com,testtest,testtest
celia.koelpin@wolff.com,testtest,testtest
christopher_mante@mullercarroll.org,testtest,testtest
colt.boyle@schneider.name,testtest,testtest
dana@vonruedengutkowski.net,testtest,testtest
dariana.lebsack@breitenberg.org,testtest,testtest
dayna_bins@muller.name,testtest,testtest
dewayne_koelpin@lakin.name,testtest,testtest
domenic_breitenberg@turner.biz,testtest,testtest
donavon.kohler@lakin.org,testtest,testtest
elisabeth@cartwright.biz,testtest,testtest
felipa@mannupton.name,testtest,testtest
frederic@baumbach.net,testtest,testtest
gabe_metz@darekoelpin.name,testtest,testtest
gaetano_gibson@pricefeil.net,testtest,testtest
guadalupe_herzog@osinski.net,testtest,testtest
harmon@oreilly.name,testtest,testtest
jarod@bruen.info,testtest,testtest
jeff@hauck.com,testtest,testtest
joaquin_batz@nolan.biz,testtest,testtest
jovanny_rowe@rohan.org,testtest,testtest
justina_denesik@bartolettiberge.name,testtest,testtest
kaleb_breitenberg@ondricka.org,testtest,testtest
kaya@bergstromlemke.org,testtest,testtest
laverna.hansen@brekke.name,testtest,testtest
lavinia_swift@williamson.biz,testtest,testtest
leilani@torphy.com,testtest,testtest
loma.kuhic@haaghettinger.biz,testtest,testtest
luciano@marquardt.com,testtest,testtest
magnus@sengerdeckow.com,testtest,testtest
mathias@schoenconnelly.name,testtest,testtest
mckayla@bosco.com,testtest,testtest
melya_crona@ruel.biz,testtest,testtest
mohamed.prosacco@franecki.name,testtest,testtest
norval_mitchell@steubergleichner.info,testtest,testtest
olaf@hayes.biz,testtest,testtest
presley_kuvalis@kemmerrowe.com,testtest,testtest
raina.mcglynn@okonjacobs.info,testtest,testtest
roberto@conroybailey.com,testtest,testtest
roie_sanford@bradtke.org,testtest,testtest
sloth1@ucla.edu,testtest,testtest
tillman_sawayn@langoshkeeling.org,testtest,testtest
vance_satterfield@gleichner.net,testtest,testtest
vilma@daugherty.biz,testtest,testtest
zaria@bednar.com,testtest,testtest
